NPoints,K,NClusters,processes,generate,classify,total,user,elapsed,sys,pCPU
262144,1024,16,0,0.001373,0.033361,0.034734,0.035,0.035,0.000,100.19
262144,1024,16,0,0.001427,0.036051,0.037478,0.038,0.038,0.000,100.23
262144,1024,16,0,0.001680,0.035255,0.036935,0.038,0.038,0.000,100.27
262144,1024,16,0,0.001370,0.034847,0.036217,0.037,0.037,0.000,100.23
262144,1024,16,0,0.001613,0.033880,0.035493,0.036,0.036,0.000,100.19
262144,1024,16,0,0.001417,0.034883,0.036300,0.037,0.037,0.000,100.24
262144,1024,16,0,0.001326,0.034385,0.035711,0.037,0.036,0.000,100.18
