NPoints,K,NClusters,processes,generate,classify,total,user,elapsed,sys,pCPU
262144,1024,16,16,0.002361,0.669917,0.669917,13.950,1.208,0.358,1185.43
262144,1024,16,16,0.001840,0.672664,0.672664,15.333,1.328,0.421,1187.21
262144,1024,16,16,0.001872,0.837539,0.837539,15.879,1.387,0.561,1186.17
262144,1024,16,16,0.002073,0.621695,0.621695,13.829,1.207,0.478,1186.34
262144,1024,16,16,0.001999,0.639956,0.639956,12.314,1.067,0.322,1185.28
262144,1024,16,16,0.001821,0.939963,0.939963,16.096,1.387,0.369,1187.07
262144,1024,16,16,0.001811,0.649449,0.649449,14.989,1.297,0.419,1187.93
