NPoints,K,NClusters,processes,generate,classify,total,user,elapsed,sys,pCPU
262144,1024,16,2,0.001279,0.025073,0.025073,0.071,0.037,0.000,192.15
262144,1024,16,2,0.001265,0.019396,0.019396,0.059,0.031,0.000,191.62
262144,1024,16,2,0.001225,0.019421,0.019421,0.059,0.031,0.000,191.14
262144,1024,16,2,0.001261,0.019422,0.019422,0.042,0.031,0.018,190.72
262144,1024,16,2,0.001235,0.019057,0.019057,0.045,0.031,0.013,189.40
262144,1024,16,2,0.001347,0.019564,0.019564,0.042,0.031,0.018,190.91
262144,1024,16,2,0.001228,0.020490,0.020490,0.034,0.033,0.028,189.66
