NPoints,K,NClusters,processes,generate,classify,total,user,elapsed,sys,pCPU
262144,1024,16,4,0.001619,0.021772,0.021772,0.124,0.040,0.020,359.22
262144,1024,16,4,0.001389,0.015945,0.015945,0.067,0.036,0.058,350.43
262144,1024,16,4,0.001271,0.013661,0.013661,0.031,0.030,0.071,342.36
262144,1024,16,4,0.001290,0.014145,0.014145,0.084,0.031,0.026,354.33
262144,1024,16,4,0.001224,0.014759,0.014759,0.085,0.032,0.026,346.44
262144,1024,16,4,0.001333,0.013648,0.013648,0.079,0.029,0.024,350.79
262144,1024,16,4,0.001281,0.021552,0.021552,0.104,0.038,0.032,356.66
