NPoints,K,NClusters,processes,generate,classify,total,user,elapsed,sys,pCPU
262144,1024,16,1,0.001237,0.035411,0.035411,0.035,0.044,0.010,102.40
262144,1024,16,1,0.001203,0.033578,0.033578,0.044,0.043,0.000,103.07
262144,1024,16,1,0.001215,0.033125,0.033125,0.043,0.042,0.000,102.52
262144,1024,16,1,0.001506,0.036840,0.036840,0.036,0.046,0.011,102.77
262144,1024,16,1,0.001162,0.033752,0.033752,0.034,0.043,0.010,102.59
262144,1024,16,1,0.001176,0.036264,0.036264,0.036,0.045,0.010,102.33
262144,1024,16,1,0.001175,0.035988,0.035988,0.044,0.045,0.002,102.53
