NPoints,K,NClusters,processes,generate,classify,total,user,elapsed,sys,pCPU
262144,1024,16,8,0.002092,0.016769,0.016769,0.259,0.045,0.034,652.20
262144,1024,16,8,0.001824,0.016591,0.016591,0.137,0.044,0.154,660.94
262144,1024,16,8,0.001829,0.015897,0.015897,0.196,0.042,0.081,660.57
262144,1024,16,8,0.001803,0.015214,0.015214,0.251,0.041,0.012,648.97
262144,1024,16,8,0.001828,0.015604,0.015604,0.149,0.041,0.124,667.69
262144,1024,16,8,0.001310,0.015412,0.015412,0.146,0.040,0.115,660.24
262144,1024,16,8,0.001858,0.016023,0.016023,0.229,0.042,0.050,670.34
