NPoints,K,NClusters,processes,generate,classify,total,user,elapsed,sys,pCPU
2097152,1448,5,1,0.008612,0.385607,0.394219,0.395,0.395,0.000,100.04
2097152,1448,5,1,0.008119,0.392798,0.400917,0.402,0.402,0.000,100.03
2097152,1448,5,1,0.008702,0.393072,0.401774,0.403,0.403,0.000,100.01
2097152,1448,5,1,0.008420,0.391972,0.400392,0.401,0.401,0.000,100.00
2097152,1448,5,1,0.008211,0.388546,0.396757,0.397,0.397,0.000,99.99
2097152,1448,5,1,0.008866,0.381196,0.390062,0.381,0.391,0.010,99.98
2097152,1448,5,1,0.008760,0.386946,0.395706,0.397,0.397,0.000,100.01
