NPoints,K,NClusters,processes,generate,classify,total,user,elapsed,sys,pCPU
2097152,1448,5,16,0.004144,0.243386,0.247530,1.280,0.249,0.062,539.63
2097152,1448,5,16,0.005175,0.243078,0.248253,1.322,0.249,0.017,537.27
2097152,1448,5,16,0.004517,0.236905,0.241422,1.209,0.243,0.077,529.84
2097152,1448,5,16,0.004724,0.237916,0.242640,1.306,0.244,0.010,539.19
2097152,1448,5,16,0.004172,0.238498,0.242670,1.333,0.244,0.000,546.70
2097152,1448,5,16,0.004957,0.241358,0.246315,1.269,0.247,0.032,526.21
2097152,1448,5,16,0.004599,0.234074,0.238673,1.180,0.240,0.117,540.88
