NPoints,K,NClusters,processes,generate,classify,total,user,elapsed,sys,pCPU
2097152,1448,5,8,0.003200,0.227365,0.230565,1.127,0.231,0.000,487.26
2097152,1448,5,8,0.003215,0.225402,0.228617,1.109,0.229,0.000,483.85
2097152,1448,5,8,0.003623,0.225219,0.228842,1.119,0.230,0.000,486.54
2097152,1448,5,8,0.003665,0.225954,0.229619,1.113,0.230,0.000,482.86
2097152,1448,5,8,0.003660,0.226626,0.230286,1.105,0.231,0.000,478.17
2097152,1448,5,8,0.003584,0.235908,0.239492,1.110,0.240,0.000,462.30
2097152,1448,5,8,0.003498,0.222556,0.226054,1.109,0.227,0.000,488.73
