NPoints,K,NClusters,processes,generate,classify,total,user,elapsed,sys,pCPU
2097152,1448,5,0,0.009362,0.408251,0.417613,0.418,0.418,0.000,100.00
2097152,1448,5,0,0.008604,0.401307,0.409911,0.411,0.411,0.000,100.00
2097152,1448,5,0,0.009125,0.401254,0.410379,0.411,0.411,0.000,100.00
2097152,1448,5,0,0.008918,0.412603,0.421521,0.422,0.422,0.000,99.98
2097152,1448,5,0,0.008782,0.400376,0.409158,0.400,0.410,0.010,99.98
2097152,1448,5,0,0.009893,0.414219,0.424112,0.425,0.425,0.000,100.00
2097152,1448,5,0,0.008829,0.414982,0.423811,0.424,0.424,0.000,100.00
