NPoints,K,NClusters,processes,generate,classify,total,user,elapsed,sys,pCPU
2097152,1448,5,2,0.004251,0.262909,0.267160,0.488,0.268,0.000,182.01
2097152,1448,5,2,0.004578,0.256489,0.261067,0.474,0.262,0.000,181.26
2097152,1448,5,2,0.004482,0.259609,0.264091,0.471,0.265,0.010,181.58
2097152,1448,5,2,0.004677,0.265576,0.270253,0.494,0.271,0.000,182.16
2097152,1448,5,2,0.004450,0.260409,0.264859,0.484,0.266,0.000,182.31
2097152,1448,5,2,0.004245,0.266540,0.270785,0.496,0.272,0.000,182.52
2097152,1448,5,2,0.004496,0.255038,0.259534,0.473,0.260,0.000,181.66
