NPoints,K,NClusters,processes,generate,classify,total,user,elapsed,sys,pCPU
65536,512,16,0,0.000730,3.977998,3.977998,3.979,3.979,0.000,100.00
65536,512,16,0,0.000468,2.414924,2.414924,2.416,2.416,0.000,100.00
65536,512,16,0,0.000602,3.270845,3.270845,3.272,3.272,0.000,100.00
65536,512,16,0,0.000624,1.254781,1.254781,1.256,1.256,0.000,100.00
