NPoints,K,NClusters,processes,generate,classify,total,user,elapsed,sys,pCPU
4194304,2048,5,1,0.040338,1.182643,1.222981,1.206,1.226,0.020,100.00
4194304,2048,5,1,0.040382,1.196817,1.237199,1.220,1.240,0.020,100.00
4194304,2048,5,1,0.040192,1.192464,1.232656,1.224,1.236,0.012,100.00
4194304,2048,5,1,0.040489,1.174809,1.215298,1.194,1.218,0.024,100.00
4194304,2048,5,1,0.040201,1.178126,1.218327,1.197,1.221,0.024,99.99
4194304,2048,5,1,0.040448,1.175660,1.216108,1.203,1.219,0.016,100.00
4194304,2048,5,1,0.040438,1.175357,1.215795,1.219,1.219,0.000,100.00
