NPoints,K,NClusters,processes,generate,classify,total,user,elapsed,sys,pCPU
4194304,2048,5,16,0.013094,0.758941,0.772035,3.889,0.776,0.048,507.36
4194304,2048,5,16,0.012064,0.745416,0.757480,3.780,0.761,0.040,501.74
4194304,2048,5,16,0.012766,0.747137,0.759903,3.764,0.764,0.052,499.60
4194304,2048,5,16,0.011872,0.732495,0.744367,3.733,0.748,0.048,505.24
4194304,2048,5,16,0.012327,0.739775,0.752102,3.668,0.756,0.040,490.48
4194304,2048,5,16,0.012098,0.736136,0.748234,3.732,0.752,0.052,503.13
4194304,2048,5,16,0.012571,0.749354,0.761925,3.774,0.766,0.048,498.97
