NPoints,K,NClusters,processes,generate,classify,total,user,elapsed,sys,pCPU
22,044;3,263;1,551;723,31
26,463;3,799;1,461;735,06
33,286;4,679;1,601;745,60
1048576,1024,16,16,0.083389,3.479419,3.479419,35.089,4.986,2.196,747.80
1048576,1024,16,16,0.300117,2.700678,2.700678,33.341,5.021,4.436,752.51
40,852;5,641;1,743;755,09
19,744;2,956;1,403;715,41
44,615;6,075;1,482;758,79
24,337;3,519;1,461;733,30
22,665;3,308;1,327;725,48
