NPoints,K,NClusters,processes,generate,classify,total,user,elapsed,sys,pCPU
524288,724,5,1,0.003913,0.083259,0.087172,0.084,0.088,0.004,100.06
524288,724,5,1,0.003901,0.083380,0.087281,0.088,0.088,0.000,100.05
524288,724,5,1,0.004048,0.092530,0.096578,0.093,0.098,0.004,98.46
524288,724,5,1,0.004332,0.091353,0.095685,0.085,0.097,0.012,100.05
524288,724,5,1,0.004392,0.086565,0.090957,0.092,0.092,0.000,100.04
524288,724,5,1,0.003890,0.082713,0.086603,0.088,0.088,0.000,100.06
524288,724,5,1,0.003890,0.083909,0.087799,0.085,0.089,0.004,100.05
