NPoints,K,NClusters,processes,generate,classify,total,user,elapsed,sys,pCPU
524288,724,5,16,0.001561,0.044147,0.045708,0.156,0.047,0.009,352.40
524288,724,5,16,0.001326,0.042914,0.044240,0.155,0.045,0.000,341.41
524288,724,5,16,0.001310,0.041926,0.043236,0.151,0.044,0.010,361.70
524288,724,5,16,0.001179,0.044476,0.045655,0.175,0.047,0.000,373.73
524288,724,5,16,0.001314,0.096225,0.097539,0.318,0.099,0.000,320.89
524288,724,5,16,0.001737,0.045490,0.047227,0.178,0.049,0.006,377.48
524288,724,5,16,0.001772,0.042351,0.044123,0.163,0.045,0.009,381.06
