NPoints,K,NClusters,processes,generate,classify,total,user,elapsed,sys,pCPU
4194304,2048,5,0,0.058129,1.411164,1.469293,1.452,1.472,0.020,100.00
4194304,2048,5,0,0.041886,1.276058,1.317944,1.309,1.321,0.012,100.00
4194304,2048,5,0,0.041653,1.260025,1.301678,1.300,1.304,0.004,100.00
4194304,2048,5,0,0.041811,1.255372,1.297183,1.276,1.300,0.024,100.00
4194304,2048,5,0,0.041735,1.270660,1.312395,1.307,1.315,0.008,99.99
4194304,2048,5,0,0.041852,1.288479,1.330331,1.309,1.333,0.024,100.00
4194304,2048,5,0,0.041616,1.254830,1.296446,1.279,1.299,0.020,100.00
