NPoints,K,NClusters,processes,generate,classify,total,user,elapsed,sys,pCPU
4194304,2048,5,2,0.021019,0.781078,0.802097,1.482,0.805,0.016,185.99
4194304,2048,5,2,0.024691,0.838729,0.863420,1.576,0.867,0.036,186.02
4194304,2048,5,2,0.024724,0.835564,0.860288,1.565,0.864,0.040,185.81
4194304,2048,5,2,0.024677,0.830491,0.855168,1.569,0.859,0.032,186.44
4194304,2048,5,2,0.024698,0.845043,0.869741,1.609,0.873,0.020,186.55
4194304,2048,5,2,0.024752,0.824192,0.848944,1.562,0.852,0.028,186.61
4194304,2048,5,2,0.024648,0.845053,0.869701,1.609,0.873,0.016,186.11
