NPoints,K,NClusters,processes,generate,classify,total,user,elapsed,sys,pCPU
4194304,2048,5,4,0.019225,0.735970,0.755195,2.467,0.759,0.016,327.23
4194304,2048,5,4,0.022052,0.732855,0.754907,2.434,0.759,0.028,324.54
4194304,2048,5,4,0.021708,0.811449,0.833157,2.784,0.837,0.032,336.41
4194304,2048,5,4,0.021713,0.732838,0.754551,2.447,0.759,0.048,328.93
4194304,2048,5,4,0.022878,0.728571,0.751449,2.475,0.755,0.016,329.70
4194304,2048,5,4,0.022700,0.757350,0.780050,2.562,0.784,0.044,332.41
4194304,2048,5,4,0.021730,0.711137,0.732867,2.383,0.737,0.032,327.71
