NPoints,K,NClusters,processes,generate,classify,total,user,elapsed,sys,pCPU
4194304,2048,5,8,0.013903,0.760668,0.774571,4.501,0.779,0.024,581.20
4194304,2048,5,8,0.012456,0.753252,0.765708,4.470,0.770,0.036,585.27
4194304,2048,5,8,0.012857,0.752056,0.764913,4.447,0.769,0.056,585.53
4194304,2048,5,8,0.012889,0.768915,0.781804,4.536,0.786,0.032,581.33
4194304,2048,5,8,0.012895,0.765812,0.778707,4.501,0.783,0.036,579.63
4194304,2048,5,8,0.012838,0.757216,0.770054,4.476,0.774,0.032,582.30
4194304,2048,5,8,0.012930,0.775758,0.788688,4.526,0.793,0.048,576.95
