NPoints,K,NClusters,processes,generate,classify,total,user,elapsed,sys,pCPU
1048576,1024,5,16,0.002061,0.103907,0.105968,0.432,0.107,0.004,406.08
1048576,1024,5,16,0.002732,0.112119,0.114851,0.470,0.117,0.008,410.63
1048576,1024,5,16,0.003041,0.120523,0.123564,0.528,0.125,0.007,427.17
1048576,1024,5,16,0.002662,0.118678,0.121340,0.509,0.123,0.008,419.64
1048576,1024,5,16,0.003111,0.123640,0.126751,0.518,0.128,0.019,418.25
1048576,1024,5,16,0.002757,0.103955,0.106712,0.444,0.108,0.011,420.59
1048576,1024,5,16,0.002488,0.117102,0.119590,0.478,0.121,0.004,397.74
