NPoints,K,NClusters,processes,generate,classify,total,user,elapsed,sys,pCPU
1048576,1024,5,1,0.004101,0.176096,0.180197,0.181,0.181,0.000,99.98
1048576,1024,5,1,0.004028,0.171977,0.176005,0.167,0.177,0.010,100.03
1048576,1024,5,1,0.004009,0.172076,0.176085,0.167,0.177,0.010,100.03
1048576,1024,5,1,0.004248,0.180881,0.185129,0.176,0.186,0.010,100.00
1048576,1024,5,1,0.004343,0.178851,0.183194,0.174,0.184,0.010,100.02
1048576,1024,5,1,0.004305,0.170001,0.174306,0.165,0.175,0.010,100.00
1048576,1024,5,1,0.004202,0.174583,0.178785,0.180,0.180,0.000,100.00
