NPoints,K,NClusters,processes,generate,classify,total,user,elapsed,sys,pCPU
1048576,1024,5,0,0.008211,0.208662,0.216873,0.218,0.218,0.000,100.02
1048576,1024,5,0,0.008151,0.208132,0.216283,0.213,0.217,0.004,100.01
1048576,1024,5,0,0.008125,0.207495,0.215620,0.217,0.217,0.000,100.02
1048576,1024,5,0,0.008149,0.209509,0.217658,0.211,0.219,0.008,100.01
1048576,1024,5,0,0.008140,0.207882,0.216022,0.209,0.217,0.008,100.02
1048576,1024,5,0,0.008129,0.208312,0.216441,0.210,0.218,0.008,100.02
1048576,1024,5,0,0.008142,0.207961,0.216103,0.205,0.217,0.012,100.02
