NPoints,K,NClusters,processes,generate,classify,total,user,elapsed,sys,pCPU
1048576,1024,5,1,0.007971,0.193220,0.201191,0.199,0.202,0.004,100.02
1048576,1024,5,1,0.007865,0.192750,0.200615,0.198,0.202,0.004,100.02
1048576,1024,5,1,0.007876,0.193209,0.201085,0.198,0.202,0.004,100.02
1048576,1024,5,1,0.007854,0.193078,0.200932,0.202,0.202,0.000,100.02
1048576,1024,5,1,0.007859,0.193712,0.201571,0.203,0.203,0.000,100.02
1048576,1024,5,1,0.007890,0.192800,0.200690,0.202,0.202,0.000,100.02
1048576,1024,5,1,0.007862,0.193221,0.201083,0.194,0.202,0.008,100.02
