NPoints,K,NClusters,processes,generate,classify,total,user,elapsed,sys,pCPU
1048576,1024,5,0,0.005114,0.182166,0.187280,0.188,0.188,0.000,100.05
1048576,1024,5,0,0.004268,0.178782,0.183050,0.184,0.184,0.000,100.03
1048576,1024,5,0,0.004291,0.185139,0.189430,0.190,0.190,0.000,100.01
1048576,1024,5,0,0.004738,0.178754,0.183492,0.184,0.184,0.000,100.01
1048576,1024,5,0,0.004537,0.175350,0.179887,0.180,0.180,0.000,99.98
1048576,1024,5,0,0.004788,0.183661,0.188449,0.189,0.189,0.000,100.01
1048576,1024,5,0,0.004826,0.176485,0.181311,0.182,0.182,0.000,100.00
