NPoints,K,NClusters,processes,generate,classify,total,user,elapsed,sys,pCPU
1048576,1024,5,4,0.003437,0.106046,0.109483,0.411,0.111,0.000,370.64
1048576,1024,5,4,0.003430,0.100611,0.104041,0.383,0.105,0.004,367.60
1048576,1024,5,4,0.003412,0.109770,0.113182,0.412,0.114,0.012,369.82
1048576,1024,5,4,0.003441,0.097969,0.101410,0.372,0.103,0.004,366.52
1048576,1024,5,4,0.003420,0.103953,0.107373,0.393,0.109,0.008,368.74
1048576,1024,5,4,0.003432,0.121900,0.125332,0.456,0.127,0.008,366.61
1048576,1024,5,4,0.003434,0.100337,0.103771,0.386,0.105,0.000,367.42
