NPoints,K,NClusters,processes,generate,classify,total,user,elapsed,sys,pCPU
1048576,1024,5,2,0.004094,0.115438,0.119532,0.231,0.121,0.000,191.36
1048576,1024,5,2,0.004085,0.115463,0.119548,0.231,0.121,0.000,191.49
1048576,1024,5,2,0.004122,0.115082,0.119204,0.231,0.120,0.000,191.37
1048576,1024,5,2,0.004130,0.114905,0.119035,0.226,0.120,0.004,191.36
1048576,1024,5,2,0.004102,0.116290,0.120392,0.233,0.122,0.000,191.40
1048576,1024,5,2,0.004101,0.115878,0.119979,0.232,0.121,0.000,191.51
1048576,1024,5,2,0.004138,0.115408,0.119546,0.231,0.121,0.000,191.49
