NPoints,K,NClusters,processes,generate,classify,total,user,elapsed,sys,pCPU
1048576,1024,5,4,0.001666,0.092202,0.093868,0.281,0.095,0.000,296.58
1048576,1024,5,4,0.002352,0.087251,0.089603,0.273,0.090,0.000,301.80
1048576,1024,5,4,0.001792,0.090576,0.092368,0.272,0.093,0.000,291.45
1048576,1024,5,4,0.001842,0.092003,0.093845,0.283,0.095,0.000,298.40
1048576,1024,5,4,0.001362,0.099559,0.100921,0.307,0.102,0.000,301.84
1048576,1024,5,4,0.001628,0.112472,0.114100,0.312,0.115,0.018,287.37
1048576,1024,5,4,0.001981,0.103722,0.105703,0.306,0.107,0.010,296.53
