NPoints,K,NClusters,processes,generate,classify,total,user,elapsed,sys,pCPU
1048576,1024,5,2,0.002277,0.110654,0.112931,0.206,0.114,0.000,181.08
1048576,1024,5,2,0.002451,0.116586,0.119037,0.209,0.120,0.010,181.99
1048576,1024,5,2,0.002394,0.114025,0.116419,0.213,0.117,0.000,181.41
1048576,1024,5,2,0.002465,0.111950,0.114415,0.207,0.115,0.000,179.71
1048576,1024,5,2,0.002725,0.108099,0.110824,0.201,0.112,0.000,180.12
1048576,1024,5,2,0.002412,0.104246,0.106658,0.194,0.107,0.000,180.98
1048576,1024,5,2,0.002597,0.114773,0.117370,0.210,0.118,0.000,177.82
