NPoints,K,NClusters,processes,generate,classify,total,user,elapsed,sys,pCPU
1048576,1024,5,16,0.003009,0.093613,0.096622,0.449,0.098,0.000,460.33
1048576,1024,5,16,0.002336,0.106840,0.109176,0.461,0.110,0.011,429.17
1048576,1024,5,16,0.002864,0.118693,0.121557,0.503,0.122,0.034,438.44
1048576,1024,5,16,0.002616,0.107407,0.110023,0.467,0.111,0.019,438.26
1048576,1024,5,16,0.003504,0.107398,0.110902,0.499,0.112,0.009,453.82
1048576,1024,5,16,0.003160,0.105439,0.108599,0.443,0.109,0.048,448.17
1048576,1024,5,16,0.002965,0.093705,0.096670,0.444,0.098,0.000,454.47
