NPoints,K,NClusters,processes,generate,classify,total,user,elapsed,sys,pCPU
1048576,1024,5,8,0.001615,0.091998,0.093613,0.439,0.094,0.000,465.63
1048576,1024,5,8,0.001487,0.084235,0.085722,0.429,0.087,0.000,495.34
1048576,1024,5,8,0.001500,0.084960,0.086460,0.430,0.087,0.000,493.17
1048576,1024,5,8,0.001655,0.084286,0.085941,0.443,0.087,0.000,510.96
1048576,1024,5,8,0.001701,0.082069,0.083770,0.400,0.085,0.010,485.00
1048576,1024,5,8,0.002475,0.087615,0.090090,0.452,0.091,0.000,496.70
1048576,1024,5,8,0.001640,0.086603,0.088243,0.424,0.089,0.000,476.91
