NPoints,K,NClusters,processes,generate,classify,total,user,elapsed,sys,pCPU
65536,1024,16,4,0.000357,0.002481,0.002481,0.002,0.016,0.049,306.99
65536,1024,16,4,0.000366,0.002397,0.002397,0.007,0.016,0.045,310.45
65536,1024,16,4,0.000360,0.002702,0.002702,0.017,0.016,0.032,313.83
65536,1024,16,4,0.000365,0.002875,0.002875,0.027,0.015,0.021,319.20
65536,1024,16,4,0.000407,0.003023,0.003023,0.011,0.016,0.039,321.25
65536,1024,16,4,0.000395,0.003121,0.003121,0.051,0.016,0.000,317.62
65536,1024,16,4,0.000393,0.004203,0.004203,0.060,0.019,0.000,315.31
