NPoints,K,NClusters,processes,generate,classify,total,user,elapsed,sys,pCPU
65536,1024,16,2,0.000359,0.003740,0.003740,0.013,0.012,0.009,182.24
65536,1024,16,2,0.000402,0.003844,0.003844,0.004,0.013,0.019,182.20
65536,1024,16,2,0.000365,0.003651,0.003651,0.004,0.013,0.019,180.81
65536,1024,16,2,0.000361,0.003535,0.003535,0.004,0.013,0.019,184.14
65536,1024,16,2,0.000409,0.004407,0.004407,0.019,0.013,0.005,183.98
65536,1024,16,2,0.000366,0.003672,0.003672,0.020,0.013,0.003,180.65
65536,1024,16,2,0.000381,0.004059,0.004059,0.024,0.013,0.000,180.39
