NPoints,K,NClusters,processes,generate,classify,total,user,elapsed,sys,pCPU
65536,1024,16,1,0.000364,0.010568,0.010568,0.017,0.018,0.002,105.29
65536,1024,16,1,0.000376,0.006862,0.006862,0.016,0.015,0.000,108.63
65536,1024,16,1,0.000619,0.007416,0.007416,0.017,0.016,0.000,106.96
65536,1024,16,1,0.000384,0.006835,0.006835,0.010,0.015,0.006,107.01
65536,1024,16,1,0.000414,0.006563,0.006563,0.004,0.015,0.004,50.70
65536,1024,16,1,0.000382,0.006592,0.006592,0.005,0.015,0.012,109.57
65536,1024,16,1,0.000361,0.006557,0.006557,0.016,0.015,0.000,107.70
