NPoints,K,NClusters,processes,generate,classify,total,user,elapsed,sys,pCPU
65536,1024,16,0,0.000613,0.008628,0.009241,0.010,0.010,0.000,100.65
65536,1024,16,0,0.000460,0.007713,0.008173,0.009,0.009,0.000,100.77
65536,1024,16,0,0.000502,0.007175,0.007677,0.008,0.008,0.000,100.96
65536,1024,16,0,0.000436,0.006389,0.006825,0.007,0.007,0.000,100.89
65536,1024,16,0,0.000566,0.007383,0.007949,0.000,0.009,0.009,100.88
65536,1024,16,0,0.000400,0.007542,0.007942,0.009,0.009,0.000,101.26
65536,1024,16,0,0.000500,0.006668,0.007168,0.008,0.008,0.000,100.84
