NPoints,K,NClusters,processes,generate,classify,total,user,elapsed,sys,pCPU
65536,1024,16,8,0.000616,0.002707,0.002707,0.093,0.025,0.049,564.75
65536,1024,16,8,0.000384,0.002748,0.002748,0.025,0.024,0.108,546.06
65536,1024,16,8,0.000445,0.002680,0.002680,0.060,0.025,0.081,570.38
65536,1024,16,8,0.000537,0.002781,0.002781,0.059,0.027,0.089,549.88
65536,1024,16,8,0.000645,0.003165,0.003165,0.028,0.027,0.127,570.77
65536,1024,16,8,0.000563,0.003014,0.003014,0.027,0.026,0.118,564.05
65536,1024,16,8,0.000535,0.002537,0.002537,0.077,0.024,0.049,526.16
