NPoints,K,NClusters,processes,generate,classify,total,user,elapsed,sys,pCPU
262144,2048,16,1,0.008193,87.274650,87.274650,87.297,87.614,0.016,99.65
262144,2048,16,1,0.008083,87.210977,87.210977,87.223,87.556,0.024,99.64
262144,2048,16,1,0.008008,86.361717,86.361717,86.358,86.703,0.041,99.65
262144,2048,16,1,0.008075,87.314825,87.314825,87.328,87.657,0.023,99.65
262144,2048,16,1,0.008042,86.882960,86.882960,86.891,87.223,0.028,99.65
262144,2048,16,1,0.008050,87.051770,87.051770,87.049,87.393,0.025,99.63
262144,2048,16,1,0.008057,87.156491,87.156491,87.168,87.498,0.026,99.65
262144,2048,16,1,0.008079,87.241868,87.241868,87.251,87.581,0.027,99.65
