, Version  , Processes ,         user        ,     generatePoints    ,    classifyPoint    ,        Total         ,      Speedup       ,      Efficiency     
,  Serial  ,1,0.097285714285714,0.004293714285714,0.092566857142857,0.096860571428571,1,1
, Parallel ,1,0.087857142857143,0.004052285714286,0.086244142857143,0.090296428571429,1.07269548708618,1.07269548708618
, Parallel ,2,0.098285714285714,0.002090714285714,0.047258285714286,0.049349,1.9627666503591,0.981383325179552
, Parallel ,4,0.202142857142857,0.001757,0.049492428571429,0.051249428571429,1.8899834423241,0.472495860581024
, Parallel ,8,0.345142857142857,0.001125714285714,0.042966,0.044091714285714,2.19679758425619,0.274599698032024
, Parallel ,16,0.185142857142857,0.001457,0.051075571428572,0.052532571428572,1.84381934473306,0.115238709045816
