NPoints,K,NClusters,processes,generate,classify,total,user,elapsed,sys,pCPU
524288,724,5,0,0.002463,0.078329,0.080792,0.081,0.081,0.000,100.01
524288,724,5,0,0.002409,0.077348,0.079757,0.081,0.080,0.000,100.07
524288,724,5,0,0.002421,0.074566,0.076987,0.078,0.078,0.000,100.16
524288,724,5,0,0.002343,0.079601,0.081944,0.083,0.083,0.000,100.03
524288,724,5,0,0.002230,0.073880,0.076110,0.077,0.077,0.000,100.08
524288,724,5,0,0.002568,0.072309,0.074877,0.076,0.075,0.000,100.08
524288,724,5,0,0.002705,0.075312,0.078017,0.079,0.079,0.000,100.12
