NPoints,K,NClusters,processes,generate,classify,total,user,elapsed,sys,pCPU
524288,724,5,2,0.002112,0.047630,0.049742,0.101,0.051,0.000,197.85
524288,724,5,2,0.002100,0.047185,0.049285,0.100,0.050,0.000,197.95
524288,724,5,2,0.002104,0.047374,0.049478,0.096,0.051,0.004,198.04
524288,724,5,2,0.002099,0.047337,0.049436,0.100,0.050,0.000,198.13
524288,724,5,2,0.002092,0.047270,0.049362,0.092,0.050,0.008,198.10
524288,724,5,2,0.002061,0.046911,0.048972,0.099,0.050,0.000,198.06
524288,724,5,2,0.002067,0.047101,0.049168,0.100,0.050,0.000,198.08
