NPoints,K,NClusters,processes,generate,classify,total,user,elapsed,sys,pCPU
524288,724,5,8,0.001130,0.046880,0.048010,0.360,0.049,0.020,771.44
524288,724,5,8,0.001141,0.042283,0.043424,0.346,0.045,0.000,776.46
524288,724,5,8,0.001088,0.042213,0.043301,0.333,0.044,0.012,776.41
524288,724,5,8,0.001138,0.042430,0.043568,0.343,0.045,0.004,776.59
524288,724,5,8,0.001131,0.042202,0.043333,0.345,0.044,0.000,776.11
524288,724,5,8,0.001131,0.042407,0.043538,0.347,0.045,0.000,776.22
524288,724,5,8,0.001121,0.042347,0.043468,0.342,0.045,0.004,776.37
