NPoints,K,NClusters,processes,generate,classify,total,user,elapsed,sys,pCPU
524288,724,5,16,0.002692,0.039063,0.041755,0.173,0.043,0.000,405.01
524288,724,5,16,0.002182,0.032518,0.034700,0.142,0.036,0.000,395.43
524288,724,5,16,0.002401,0.032884,0.035285,0.138,0.036,0.013,414.56
524288,724,5,16,0.001945,0.036321,0.038266,0.105,0.039,0.050,395.23
524288,724,5,16,0.002284,0.034604,0.036888,0.152,0.038,0.000,400.77
524288,724,5,16,0.002513,0.041817,0.044330,0.164,0.045,0.008,378.41
524288,724,5,16,0.002083,0.033942,0.036025,0.155,0.037,0.000,420.46
