NPoints,K,NClusters,processes,generate,classify,total,user,elapsed,sys,pCPU
524288,724,5,8,0.001144,0.030182,0.031326,0.173,0.032,0.000,536.84
524288,724,5,8,0.000953,0.029330,0.030283,0.162,0.031,0.000,520.82
524288,724,5,8,0.001131,0.030137,0.031268,0.160,0.032,0.000,497.44
524288,724,5,8,0.000987,0.033758,0.034745,0.177,0.036,0.000,499.07
524288,724,5,8,0.001413,0.030457,0.031870,0.177,0.033,0.000,541.62
524288,724,5,8,0.001309,0.031439,0.032748,0.175,0.034,0.000,520.74
524288,724,5,8,0.001243,0.028576,0.029819,0.160,0.031,0.000,523.86
