NPoints,K,NClusters,processes,generate,classify,total,user,elapsed,sys,pCPU
524288,724,5,0,0.002263,0.078037,0.080300,0.081,0.081,0.000,100.07
524288,724,5,0,0.002429,0.086532,0.088961,0.090,0.090,0.000,100.10
524288,724,5,0,0.002301,0.080702,0.083003,0.084,0.084,0.000,100.05
524288,724,5,0,0.002378,0.075967,0.078345,0.079,0.079,0.000,100.08
524288,724,5,0,0.002829,0.081946,0.084775,0.085,0.085,0.000,100.07
524288,724,5,0,0.002393,0.078306,0.080699,0.081,0.081,0.000,100.04
524288,724,5,0,0.002658,0.074505,0.077163,0.078,0.078,0.000,100.08
