NPoints,K,NClusters,processes,generate,classify,total,user,elapsed,sys,pCPU
524288,724,5,1,0.002135,0.069165,0.071300,0.072,0.072,0.000,100.00
524288,724,5,1,0.002255,0.071045,0.073300,0.074,0.074,0.000,100.14
524288,724,5,1,0.002568,0.070747,0.073315,0.074,0.074,0.000,100.01
524288,724,5,1,0.002272,0.073114,0.075386,0.076,0.076,0.000,100.14
524288,724,5,1,0.002294,0.076245,0.078539,0.079,0.079,0.000,100.05
524288,724,5,1,0.002554,0.076714,0.079268,0.080,0.080,0.000,100.32
524288,724,5,1,0.002777,0.073783,0.076560,0.077,0.077,0.000,100.13
