NPoints,K,NClusters,processes,generate,classify,total,user,elapsed,sys,pCPU
524288,724,5,4,0.001761,0.051425,0.053186,0.214,0.054,0.000,394.10
524288,724,5,4,0.001767,0.051379,0.053146,0.206,0.054,0.008,394.28
524288,724,5,4,0.001751,0.051565,0.053316,0.210,0.054,0.004,394.00
524288,724,5,4,0.001751,0.051393,0.053144,0.214,0.054,0.000,394.29
524288,724,5,4,0.001755,0.037914,0.039669,0.152,0.041,0.008,392.22
524288,724,5,4,0.001759,0.051316,0.053075,0.209,0.054,0.004,394.05
524288,724,5,4,0.001755,0.051455,0.053210,0.210,0.054,0.004,394.19
