NPoints,K,NClusters,processes,generate,classify,total,user,elapsed,sys,pCPU
524288,724,5,4,0.000832,0.028406,0.029238,0.092,0.030,0.000,304.38
524288,724,5,4,0.000966,0.035930,0.036896,0.115,0.038,0.000,306.79
524288,724,5,4,0.000887,0.031882,0.032769,0.104,0.034,0.000,308.72
524288,724,5,4,0.001004,0.029372,0.030376,0.092,0.031,0.000,296.37
524288,724,5,4,0.000953,0.031007,0.031960,0.098,0.033,0.000,299.23
524288,724,5,4,0.001135,0.032363,0.033498,0.108,0.034,0.000,315.82
524288,724,5,4,0.000996,0.030091,0.031087,0.097,0.032,0.000,302.63
