NPoints,K,NClusters,processes,generate,classify,total,user,elapsed,sys,pCPU
524288,724,5,2,0.001288,0.043562,0.044850,0.084,0.046,0.000,183.70
524288,724,5,2,0.001140,0.042859,0.043999,0.082,0.045,0.000,182.72
524288,724,5,2,0.001400,0.043231,0.044631,0.074,0.046,0.009,182.11
524288,724,5,2,0.001256,0.044756,0.046012,0.086,0.047,0.000,183.37
524288,724,5,2,0.001547,0.049472,0.051019,0.096,0.052,0.000,184.98
524288,724,5,2,0.001257,0.043712,0.044969,0.084,0.046,0.000,183.18
524288,724,5,2,0.001320,0.048291,0.049611,0.093,0.051,0.000,184.29
