NPoints,K,NClusters,processes,generate,classify,total,user,elapsed,sys,pCPU
1048576,1024,5,8,0.001944,0.102976,0.104920,0.697,0.106,0.042,694.80
1048576,1024,5,8,0.001988,0.101792,0.103780,0.727,0.105,0.004,695.01
1048576,1024,5,8,0.001959,0.101749,0.103708,0.730,0.105,0.000,695.32
1048576,1024,5,8,0.001933,0.101446,0.103379,0.701,0.105,0.030,697.78
1048576,1024,5,8,0.001994,0.101573,0.103567,0.698,0.105,0.034,697.83
1048576,1024,5,8,0.002005,0.101351,0.103356,0.723,0.105,0.008,697.65
1048576,1024,5,8,0.001993,0.100843,0.102836,0.726,0.104,0.000,696.98
