NPoints,K,NClusters,processes,generate,classify,total,user,elapsed,sys,pCPU
524288,1024,16,8,0.003441,0.034178,0.034178,0.292,0.069,0.196,711.31
524288,1024,16,8,0.003276,0.036336,0.036336,0.356,0.070,0.144,710.66
524288,1024,16,8,0.003458,0.036119,0.036119,0.427,0.069,0.064,712.36
524288,1024,16,8,0.003345,0.034506,0.034506,0.390,0.065,0.077,714.64
524288,1024,16,8,0.003287,0.034530,0.034530,0.426,0.067,0.051,714.47
524288,1024,16,8,0.002825,0.035227,0.035227,0.407,0.068,0.077,715.47
524288,1024,16,8,0.004410,0.033731,0.033731,0.448,0.066,0.027,714.75
