NPoints,K,NClusters,processes,generate,classify,total,user,elapsed,sys,pCPU
524288,1024,16,8,0.003289,0.039428,0.039428,0.434,0.076,0.112,718.30
524288,1024,16,8,0.002715,0.038226,0.038226,0.289,0.069,0.195,699.75
524288,1024,16,8,0.003299,0.037520,0.037520,0.355,0.070,0.142,709.90
524288,1024,16,8,0.002533,0.035868,0.035868,0.351,0.067,0.127,717.73
524288,1024,16,8,0.003392,0.034096,0.034096,0.337,0.065,0.132,718.82
524288,1024,16,8,0.002307,0.036543,0.036543,0.314,0.067,0.169,717.54
524288,1024,16,8,0.003257,0.035667,0.035667,0.355,0.068,0.128,707.18
