NPoints,K,NClusters,processes,generate,classify,total,user,elapsed,sys,pCPU
524288,1024,16,1,0.002093,0.081867,0.081867,0.084,0.093,0.010,101.29
524288,1024,16,1,0.002105,0.076673,0.076673,0.069,0.087,0.019,101.39
524288,1024,16,1,0.002360,0.080275,0.080275,0.092,0.091,0.000,101.55
524288,1024,16,1,0.002145,0.082378,0.082378,0.094,0.093,0.000,101.58
524288,1024,16,1,0.003613,0.080412,0.080412,0.073,0.092,0.020,101.01
524288,1024,16,1,0.002211,0.082770,0.082770,0.094,0.092,0.000,101.32
524288,1024,16,1,0.002410,0.083317,0.083317,0.096,0.095,0.000,101.45
