NPoints,K,NClusters,processes,generate,classify,total,user,elapsed,sys,pCPU
524288,1024,16,0,0.002574,0.079834,0.082408,0.083,0.083,0.000,100.06
524288,1024,16,0,0.002621,0.087151,0.089772,0.091,0.090,0.000,100.11
524288,1024,16,0,0.002374,0.080125,0.082499,0.083,0.083,0.000,100.04
524288,1024,16,0,0.002444,0.078148,0.080592,0.081,0.081,0.000,100.08
524288,1024,16,0,0.002443,0.077059,0.079502,0.080,0.080,0.000,100.11
524288,1024,16,0,0.002489,0.078447,0.080936,0.082,0.082,0.000,100.15
524288,1024,16,0,0.002493,0.073956,0.076449,0.077,0.077,0.000,100.16
