NPoints,K,NClusters,processes,generate,classify,total,user,elapsed,sys,pCPU
524288,1024,16,1,0.002090,0.078104,0.078104,0.087,0.088,0.002,101.44
524288,1024,16,1,0.002457,0.088482,0.088482,0.090,0.099,0.010,101.13
524288,1024,16,1,0.002212,0.077099,0.077099,0.078,0.087,0.011,101.40
524288,1024,16,1,0.002173,0.074551,0.074551,0.076,0.085,0.010,101.35
524288,1024,16,1,0.002106,0.073997,0.073997,0.085,0.084,0.000,101.43
524288,1024,16,1,0.002479,0.072562,0.072562,0.074,0.083,0.010,101.46
524288,1024,16,1,0.002747,0.074728,0.074728,0.086,0.085,0.000,101.66
