NPoints,K,NClusters,processes,generate,classify,total,user,elapsed,sys,pCPU
524288,1024,16,4,0.002231,0.031587,0.031587,0.134,0.051,0.054,370.16
524288,1024,16,4,0.002725,0.041565,0.041565,0.176,0.062,0.059,377.32
524288,1024,16,4,0.002460,0.034659,0.034659,0.155,0.055,0.049,374.25
524288,1024,16,4,0.002171,0.036310,0.036310,0.166,0.055,0.040,374.06
524288,1024,16,4,0.003269,0.040592,0.040592,0.200,0.060,0.026,377.17
524288,1024,16,4,0.002315,0.040373,0.040373,0.178,0.060,0.045,374.06
524288,1024,16,4,0.002346,0.031501,0.031501,0.144,0.051,0.046,372.40
