NPoints,K,NClusters,processes,generate,classify,total,user,elapsed,sys,pCPU
524288,1024,16,4,0.002280,0.039514,0.039514,0.180,0.060,0.043,370.56
524288,1024,16,4,0.002366,0.031152,0.031152,0.141,0.051,0.045,367.34
524288,1024,16,4,0.002306,0.040732,0.040732,0.179,0.060,0.045,375.58
524288,1024,16,4,0.002222,0.029838,0.029838,0.142,0.049,0.039,369.23
524288,1024,16,4,0.002181,0.033313,0.033313,0.155,0.052,0.037,371.16
524288,1024,16,4,0.003458,0.038835,0.038835,0.220,0.060,0.002,372.71
524288,1024,16,4,0.002191,0.035344,0.035344,0.166,0.054,0.029,359.73
