NPoints,K,NClusters,processes,generate,classify,total,user,elapsed,sys,pCPU
524288,1024,16,0,0.002463,0.077557,0.080020,0.081,0.081,0.000,100.07
524288,1024,16,0,0.002603,0.081269,0.083872,0.085,0.085,0.000,100.10
524288,1024,16,0,0.002349,0.075992,0.078341,0.079,0.079,0.000,99.90
524288,1024,16,0,0.002312,0.075632,0.077944,0.079,0.079,0.000,100.12
524288,1024,16,0,0.002379,0.076321,0.078700,0.079,0.079,0.000,100.06
524288,1024,16,0,0.002912,0.076387,0.079299,0.080,0.080,0.000,100.11
524288,1024,16,0,0.002447,0.076642,0.079089,0.080,0.080,0.000,100.10
