NPoints,K,NClusters,processes,generate,classify,total,user,elapsed,sys,pCPU
524288,1024,16,16,0.004884,0.659397,0.659397,14.503,1.255,0.373,1186.31
524288,1024,16,16,0.029709,1.099020,1.099020,21.060,1.817,0.531,1188.32
524288,1024,16,16,0.004919,0.739564,0.739564,14.529,1.266,0.461,1184.06
524288,1024,16,16,0.004733,0.879098,0.879098,17.386,1.507,0.512,1187.61
524288,1024,16,16,0.006310,1.559654,1.559654,26.570,2.277,0.513,1189.93
524288,1024,16,16,0.004950,0.979585,0.979585,17.883,1.547,0.473,1186.52
524288,1024,16,16,0.005175,1.049511,1.049511,16.958,1.467,0.442,1186.07
