NPoints,K,NClusters,processes,generate,classify,total,user,elapsed,sys,pCPU
524288,1024,16,2,0.002459,0.039033,0.039033,0.092,0.052,0.010,195.43
524288,1024,16,2,0.002223,0.054039,0.054039,0.108,0.069,0.028,196.14
524288,1024,16,2,0.002243,0.043365,0.043365,0.099,0.056,0.010,195.11
524288,1024,16,2,0.002551,0.043000,0.043000,0.110,0.057,0.000,193.94
524288,1024,16,2,0.002501,0.043272,0.043272,0.099,0.056,0.010,195.68
524288,1024,16,2,0.002321,0.070646,0.070646,0.154,0.084,0.012,197.04
524288,1024,16,2,0.002047,0.040945,0.040945,0.083,0.054,0.022,194.65
