NPoints,K,NClusters,processes,generate,classify,total,user,elapsed,sys,pCPU
45,742;6,326;2,310;759,60
2097152,1024,16,16,0.064666,11.279905,11.279905,118.698,15.938,6.045,783.07
51,010;7,405;5,380;761,52
29,254;4,198;1,823;740,29
80,716;10,781;3,051;776,99
131,531;17,213;3,653;785,49
100,951;13,310;2,966;780,74
32,940;4,665;1,884;746,48
95,222;12,600;3,018;779,68
102,041;13,458;3,047;781,31
