NPoints,K,NClusters,processes,generate,classify,total,user,elapsed,sys,pCPU
2097152,1448,5,1,0.018875,0.451095,0.469970,0.464,0.472,0.008,100.00
2097152,1448,5,1,0.019616,0.443457,0.463073,0.457,0.465,0.008,100.00
2097152,1448,5,1,0.019427,0.443522,0.462949,0.453,0.465,0.012,100.00
2097152,1448,5,1,0.019404,0.445359,0.464763,0.455,0.467,0.012,100.00
2097152,1448,5,1,0.019302,0.446298,0.465600,0.460,0.468,0.008,100.00
2097152,1448,5,1,0.019349,0.442750,0.462099,0.460,0.464,0.004,100.00
2097152,1448,5,1,0.019292,0.444942,0.464234,0.454,0.466,0.012,100.00
