NPoints,K,NClusters,processes,generate,classify,total,user,elapsed,sys,pCPU
2097152,1448,5,4,0.008650,0.353805,0.362455,1.272,0.365,0.012,351.94
2097152,1448,5,4,0.009889,0.304165,0.314054,1.073,0.317,0.004,340.34
2097152,1448,5,4,0.010752,0.336652,0.347404,1.189,0.350,0.020,345.32
2097152,1448,5,4,0.011359,0.326149,0.337508,1.143,0.340,0.024,343.02
2097152,1448,5,4,0.011703,0.392830,0.404533,1.419,0.407,0.012,351.42
2097152,1448,5,4,0.011297,0.361058,0.372355,1.283,0.375,0.020,347.41
2097152,1448,5,4,0.011322,0.353363,0.364685,1.255,0.367,0.016,345.94
