NPoints,K,NClusters,processes,generate,classify,total,user,elapsed,sys,pCPU
2097152,1448,5,0,0.021029,0.497327,0.518356,0.508,0.520,0.012,100.00
2097152,1448,5,0,0.020108,0.490774,0.510882,0.505,0.513,0.008,100.00
2097152,1448,5,0,0.019856,0.485869,0.505725,0.500,0.508,0.008,100.00
2097152,1448,5,0,0.020073,0.483566,0.503639,0.490,0.505,0.016,100.00
2097152,1448,5,0,0.019943,0.485353,0.505296,0.495,0.507,0.012,100.00
2097152,1448,5,0,0.019584,0.486276,0.505860,0.496,0.508,0.012,100.00
2097152,1448,5,0,0.019602,0.484937,0.504539,0.498,0.506,0.008,100.00
