NPoints,K,NClusters,processes,generate,classify,total,user,elapsed,sys,pCPU
2097152,1448,5,2,0.009919,0.287123,0.297042,0.550,0.299,0.008,186.77
2097152,1448,5,2,0.010373,0.286681,0.297054,0.546,0.299,0.012,186.69
2097152,1448,5,2,0.010331,0.287242,0.297573,0.551,0.300,0.008,186.76
2097152,1448,5,2,0.010276,0.289132,0.299408,0.546,0.301,0.016,186.40
2097152,1448,5,2,0.010293,0.289472,0.299765,0.542,0.302,0.020,186.39
2097152,1448,5,2,0.010202,0.290009,0.300211,0.556,0.302,0.008,186.52
2097152,1448,5,2,0.010276,0.317156,0.327432,0.614,0.329,0.004,187.55
