NPoints,K,NClusters,processes,generate,classify,total,user,elapsed,sys,pCPU
2097152,1448,5,16,0.007422,0.340997,0.348419,1.556,0.351,0.043,455.09
2097152,1448,5,16,0.006532,0.340015,0.346547,1.591,0.349,0.029,463.75
2097152,1448,5,16,0.006662,0.332880,0.339542,1.597,0.343,0.020,471.94
2097152,1448,5,16,0.007368,0.336739,0.344107,1.552,0.347,0.028,455.64
2097152,1448,5,16,0.007434,0.331979,0.339413,1.573,0.342,0.042,471.89
2097152,1448,5,16,0.006823,0.343018,0.349841,1.571,0.353,0.028,453.57
2097152,1448,5,16,0.007040,0.330667,0.337707,1.571,0.340,0.020,467.37
