NPoints,K,NClusters,processes,generate,classify,total,user,elapsed,sys,pCPU
2097152,1448,5,8,0.006264,0.339193,0.345457,2.128,0.348,0.036,621.42
2097152,1448,5,8,0.006519,0.340766,0.347285,2.157,0.350,0.020,621.61
2097152,1448,5,8,0.006409,0.345875,0.352284,2.199,0.355,0.016,623.45
2097152,1448,5,8,0.010562,0.347678,0.358240,2.237,0.361,0.012,622.56
2097152,1448,5,8,0.006450,0.344286,0.350736,2.185,0.354,0.024,624.43
2097152,1448,5,8,0.007335,0.345377,0.352712,2.197,0.356,0.024,624.38
2097152,1448,5,8,0.006414,0.344184,0.350598,2.194,0.354,0.020,626.34
